neighborhood,service,closed,open
Balboa Park,Dead Animal,46,0
Balboa Park,Development Services - Code Enforcement,2,0
Balboa Park,Encampment,1484,219
Balboa Park,Environmental Services Code Compliance,25,1
Balboa Park,Graffiti,977,0
Balboa Park,Graffiti - Code Enforcement,12,2
Balboa Park,Graffiti - Public,137,41
Balboa Park,Illegal Dumping,255,29
Balboa Park,Missed Collection,7,0
Balboa Park,Other,413,0
Balboa Park,Parking,87,4
Balboa Park,Parks Issue,636,66
Balboa Park,Pavement Maintenance,15,10
Balboa Park,Pothole,109,1
Balboa Park,ROW Maintenance,35,70
Balboa Park,Right-of-Way Code Enforcement,0,14
Balboa Park,Shared Mobility Device,60,16
Balboa Park,Sidewalk Repair Issue,117,10
Balboa Park,Stormwater,40,15
Balboa Park,Stormwater Code Enforcement,71,8
Balboa Park,Street Flooded,17,0
Balboa Park,Street Light Maintenance,61,86
Balboa Park,Street Sweeping,32,5
Balboa Park,Traffic Engineering,11,13
Balboa Park,Traffic Sign Maintenance,71,159
Balboa Park,Traffic Signal Issue,26,0
Balboa Park,Traffic Signal Timing,35,0
Balboa Park,Trash/Recycling Collection,1,1
Balboa Park,Tree Maintenance,195,2
Balboa Park,Waste on Private Property,3,1
Balboa Park,Weed Cleanup,23,0
Barrio Logan,Dead Animal,19,0
Barrio Logan,Development Services - Code Enforcement,24,8
Barrio Logan,Encampment,435,40
Barrio Logan,Environmental Services Code Compliance,30,9
Barrio Logan,Graffiti,329,0
Barrio Logan,Graffiti - Code Enforcement,15,30
Barrio Logan,Graffiti - Public,30,69
Barrio Logan,Illegal Dumping,432,23
Barrio Logan,Missed Collection,60,3
Barrio Logan,Other,150,1
Barrio Logan,Parking,184,38
Barrio Logan,Parks Issue,12,2
Barrio Logan,Pavement Maintenance,10,12
Barrio Logan,Pothole,128,0
Barrio Logan,ROW Maintenance,33,68
Barrio Logan,Right-of-Way Code Enforcement,1,6
Barrio Logan,Shared Mobility Device,5,0
Barrio Logan,Sidewalk Repair Issue,32,9
Barrio Logan,Stormwater,2,4
Barrio Logan,Stormwater Code Enforcement,16,0
Barrio Logan,Street Flooded,3,0
Barrio Logan,Street Light Maintenance,14,24
Barrio Logan,Street Sweeping,15,1
Barrio Logan,Traffic Engineering,16,13
Barrio Logan,Traffic Sign Maintenance,24,114
Barrio Logan,Traffic Signal Issue,44,1
Barrio Logan,Traffic Signal Timing,29,2
Barrio Logan,Trash/Recycling Collection,7,0
Barrio Logan,Tree Maintenance,33,38
Barrio Logan,Waste on Private Property,16,2
Barrio Logan,Weed Cleanup,10,1
Black Mountain Ranch,Dead Animal,11,0
Black Mountain Ranch,Development Services - Code Enforcement,3,0
Black Mountain Ranch,Encampment,1,3
Black Mountain Ranch,Graffiti,7,0
Black Mountain Ranch,Graffiti - Public,2,2
Black Mountain Ranch,Illegal Dumping,7,1
Black Mountain Ranch,Missed Collection,120,1
Black Mountain Ranch,Other,6,1
Black Mountain Ranch,Parking,30,20
Black Mountain Ranch,Parks Issue,5,5
Black Mountain Ranch,Pavement Maintenance,2,2
Black Mountain Ranch,Pothole,19,1
Black Mountain Ranch,ROW Maintenance,2,3
Black Mountain Ranch,Sidewalk Repair Issue,1,4
Black Mountain Ranch,Stormwater,7,1
Black Mountain Ranch,Stormwater Code Enforcement,8,2
Black Mountain Ranch,Street Flooded,2,0
Black Mountain Ranch,Street Light Maintenance,40,9
Black Mountain Ranch,Street Sweeping,2,2
Black Mountain Ranch,Traffic Engineering,4,0
Black Mountain Ranch,Traffic Sign Maintenance,3,5
Black Mountain Ranch,Traffic Signal Issue,22,0
Black Mountain Ranch,Traffic Signal Timing,16,0
Black Mountain Ranch,Tree Maintenance,10,0
Black Mountain Ranch,Waste on Private Property,1,0
Black Mountain Ranch,Weed Cleanup,0,1
Carmel Mountain Ranch,Dead Animal,27,0
Carmel Mountain Ranch,Development Services - Code Enforcement,1,1
Carmel Mountain Ranch,Encampment,16,5
Carmel Mountain Ranch,Environmental Services Code Compliance,3,2
Carmel Mountain Ranch,Graffiti,32,0
Carmel Mountain Ranch,Graffiti - Code Enforcement,1,0
Carmel Mountain Ranch,Graffiti - Public,1,5
Carmel Mountain Ranch,Illegal Dumping,10,0
Carmel Mountain Ranch,Missed Collection,123,1
Carmel Mountain Ranch,Other,36,1
Carmel Mountain Ranch,Parking,68,24
Carmel Mountain Ranch,Parks Issue,13,5
Carmel Mountain Ranch,Pavement Maintenance,4,12
Carmel Mountain Ranch,Pothole,231,0
Carmel Mountain Ranch,ROW Maintenance,3,11
Carmel Mountain Ranch,Right-of-Way Code Enforcement,8,2
Carmel Mountain Ranch,Sidewalk Repair Issue,14,16
Carmel Mountain Ranch,Stormwater,3,1
Carmel Mountain Ranch,Stormwater Code Enforcement,20,4
Carmel Mountain Ranch,Street Flooded,21,0
Carmel Mountain Ranch,Street Light Maintenance,5,45
Carmel Mountain Ranch,Street Sweeping,3,3
Carmel Mountain Ranch,Traffic Engineering,2,1
Carmel Mountain Ranch,Traffic Sign Maintenance,4,10
Carmel Mountain Ranch,Traffic Signal Issue,32,1
Carmel Mountain Ranch,Traffic Signal Timing,28,2
Carmel Mountain Ranch,Trash/Recycling Collection,3,0
Carmel Mountain Ranch,Tree Maintenance,18,5
Carmel Mountain Ranch,Weed Cleanup,2,0
Carmel Valley,Dead Animal,25,0
Carmel Valley,Development Services - Code Enforcement,3,2
Carmel Valley,Encampment,12,1
Carmel Valley,Environmental Services Code Compliance,14,4
Carmel Valley,Graffiti,66,0
Carmel Valley,Graffiti - Code Enforcement,4,0
Carmel Valley,Graffiti - Public,9,11
Carmel Valley,Illegal Dumping,26,0
Carmel Valley,Missed Collection,460,7
Carmel Valley,Other,62,2
Carmel Valley,Parking,205,36
Carmel Valley,Parks Issue,105,4
Carmel Valley,Pavement Maintenance,17,13
Carmel Valley,Pothole,75,1
Carmel Valley,ROW Maintenance,16,12
Carmel Valley,Right-of-Way Code Enforcement,3,11
Carmel Valley,Sidewalk Repair Issue,24,62
Carmel Valley,Stormwater,18,5
Carmel Valley,Stormwater Code Enforcement,87,8
Carmel Valley,Street Flooded,30,0
Carmel Valley,Street Light Maintenance,65,111
Carmel Valley,Street Sweeping,24,2
Carmel Valley,Traffic Engineering,14,8
Carmel Valley,Traffic Sign Maintenance,23,31
Carmel Valley,Traffic Signal Issue,80,0
Carmel Valley,Traffic Signal Timing,40,1
Carmel Valley,Trash/Recycling Collection,24,3
Carmel Valley,Tree Maintenance,98,13
Carmel Valley,Waste on Private Property,6,2
Carmel Valley,Weed Cleanup,6,1
Clairemont Mesa,Dead Animal,196,0
Clairemont Mesa,Development Services - Code Enforcement,88,28
Clairemont Mesa,Encampment,1063,188
Clairemont Mesa,Environmental Services Code Compliance,167,17
Clairemont Mesa,Graffiti,676,0
Clairemont Mesa,Graffiti - Code Enforcement,86,20
Clairemont Mesa,Graffiti - Public,65,45
Clairemont Mesa,Illegal Dumping,2077,22
Clairemont Mesa,Missed Collection,1783,53
Clairemont Mesa,Other,274,18
Clairemont Mesa,Parking,2513,424
Clairemont Mesa,Parks Issue,89,11
Clairemont Mesa,Pavement Maintenance,38,109
Clairemont Mesa,Pothole,1149,6
Clairemont Mesa,ROW Maintenance,74,39
Clairemont Mesa,Right-of-Way Code Enforcement,28,93
Clairemont Mesa,Shared Mobility Device,19,2
Clairemont Mesa,Sidewalk Repair Issue,115,165
Clairemont Mesa,Stormwater,49,30
Clairemont Mesa,Stormwater Code Enforcement,169,25
Clairemont Mesa,Street Flooded,57,1
Clairemont Mesa,Street Light Maintenance,50,174
Clairemont Mesa,Street Sweeping,74,8
Clairemont Mesa,Traffic Engineering,46,38
Clairemont Mesa,Traffic Sign Maintenance,132,61
Clairemont Mesa,Traffic Signal Issue,155,1
Clairemont Mesa,Traffic Signal Timing,147,3
Clairemont Mesa,Trash/Recycling Collection,56,6
Clairemont Mesa,Tree Maintenance,218,50
Clairemont Mesa,Waste on Private Property,50,2
Clairemont Mesa,Weed Cleanup,55,11
College Area,Dead Animal,71,0
College Area,Development Services - Code Enforcement,39,4
College Area,Encampment,654,82
College Area,Environmental Services Code Compliance,726,25
College Area,Graffiti,89,0
College Area,Graffiti - Code Enforcement,20,7
College Area,Graffiti - Public,19,12
College Area,Illegal Dumping,534,10
College Area,Missed Collection,364,12
College Area,Other,115,8
College Area,Parking,1140,205
College Area,Parks Issue,12,1
College Area,Pavement Maintenance,10,21
College Area,Pothole,278,1
College Area,ROW Maintenance,31,29
College Area,Right-of-Way Code Enforcement,4,37
College Area,Shared Mobility Device,213,7
College Area,Sidewalk Repair Issue,52,36
College Area,Stormwater,25,16
College Area,Stormwater Code Enforcement,55,4
College Area,Street Flooded,13,1
College Area,Street Light Maintenance,55,42
College Area,Street Sweeping,77,9
College Area,Traffic Engineering,23,14
College Area,Traffic Sign Maintenance,51,71
College Area,Traffic Signal Issue,85,0
College Area,Traffic Signal Timing,75,1
College Area,Trash/Recycling Collection,26,1
College Area,Tree Maintenance,50,4
College Area,Waste on Private Property,61,3
College Area,Weed Cleanup,12,2
Del Mar Mesa,Dead Animal,2,0
Del Mar Mesa,Development Services - Code Enforcement,1,0
Del Mar Mesa,Encampment,2,1
Del Mar Mesa,Graffiti - Public,0,1
Del Mar Mesa,Illegal Dumping,0,1
Del Mar Mesa,Missed Collection,31,0
Del Mar Mesa,Other,10,0
Del Mar Mesa,Parking,2,0
Del Mar Mesa,Parks Issue,13,3
Del Mar Mesa,Pothole,1,0
Del Mar Mesa,ROW Maintenance,1,0
Del Mar Mesa,Right-of-Way Code Enforcement,1,1
Del Mar Mesa,Shared Mobility Device,1,0
Del Mar Mesa,Stormwater,1,3
Del Mar Mesa,Stormwater Code Enforcement,6,0
Del Mar Mesa,Street Light Maintenance,0,4
Del Mar Mesa,Traffic Engineering,2,1
Del Mar Mesa,Traffic Sign Maintenance,1,1
Del Mar Mesa,Traffic Signal Issue,1,0
Del Mar Mesa,Tree Maintenance,1,0
Del Mar Mesa,Weed Cleanup,1,0
Downtown,Dead Animal,67,0
Downtown,Development Services - Code Enforcement,138,52
Downtown,Encampment,9262,2080
Downtown,Environmental Services Code Compliance,394,71
Downtown,Graffiti,2030,0
Downtown,Graffiti - Code Enforcement,261,194
Downtown,Graffiti - Public,226,448
Downtown,Illegal Dumping,1232,221
Downtown,Missed Collection,181,15
Downtown,Other,936,43
Downtown,Parking,812,48
Downtown,Parks Issue,85,2
Downtown,Pavement Maintenance,37,67
Downtown,Pothole,377,13
Downtown,ROW Maintenance,141,205
Downtown,Right-of-Way Code Enforcement,1,27
Downtown,Shared Mobility Device,1589,749
Downtown,Sidewalk Repair Issue,396,112
Downtown,Stormwater,84,35
Downtown,Stormwater Code Enforcement,135,14
Downtown,Street Flooded,53,3
Downtown,Street Light Maintenance,416,575
Downtown,Street Sweeping,142,6
Downtown,Traffic Engineering,57,46
Downtown,Traffic Sign Maintenance,124,321
Downtown,Traffic Signal Issue,654,4
Downtown,Traffic Signal Timing,168,5
Downtown,Trash/Recycling Collection,220,8
Downtown,Tree Maintenance,335,123
Downtown,Waste on Private Property,122,24
Downtown,Weed Cleanup,25,0
East Elliott,Other,1,0
East Elliott,Pavement Maintenance,1,2
East Elliott,Pothole,9,0
East Elliott,ROW Maintenance,1,2
East Elliott,Street Sweeping,3,0
East Elliott,Traffic Signal Issue,41,0
East Elliott,Tree Maintenance,3,0
East Elliott,Weed Cleanup,1,0
Encanto Neighborhoods,Dead Animal,151,0
Encanto Neighborhoods,Development Services - Code Enforcement,69,7
Encanto Neighborhoods,Encampment,380,22
Encanto Neighborhoods,Environmental Services Code Compliance,86,15
Encanto Neighborhoods,Graffiti,483,0
Encanto Neighborhoods,Graffiti - Code Enforcement,56,10
Encanto Neighborhoods,Graffiti - Public,143,50
Encanto Neighborhoods,Illegal Dumping,2906,30
Encanto Neighborhoods,Missed Collection,899,34
Encanto Neighborhoods,Other,175,10
Encanto Neighborhoods,Parking,1364,365
Encanto Neighborhoods,Parks Issue,23,5
Encanto Neighborhoods,Pavement Maintenance,12,59
Encanto Neighborhoods,Pothole,359,9
Encanto Neighborhoods,ROW Maintenance,38,40
Encanto Neighborhoods,Right-of-Way Code Enforcement,11,28
Encanto Neighborhoods,Sidewalk Repair Issue,65,21
Encanto Neighborhoods,Stormwater,30,25
Encanto Neighborhoods,Stormwater Code Enforcement,18,6
Encanto Neighborhoods,Street Flooded,23,3
Encanto Neighborhoods,Street Light Maintenance,30,39
Encanto Neighborhoods,Street Sweeping,32,14
Encanto Neighborhoods,Traffic Engineering,24,11
Encanto Neighborhoods,Traffic Sign Maintenance,38,99
Encanto Neighborhoods,Traffic Signal Issue,97,0
Encanto Neighborhoods,Traffic Signal Timing,56,0
Encanto Neighborhoods,Trash/Recycling Collection,42,6
Encanto Neighborhoods,Tree Maintenance,102,25
Encanto Neighborhoods,Waste on Private Property,57,6
Encanto Neighborhoods,Weed Cleanup,15,1
Fairbanks Ranch Country Club,Parks Issue,1,0
Fairbanks Ranch Country Club,Pavement Maintenance,1,0
Fairbanks Ranch Country Club,Pothole,2,0
Fairbanks Ranch Country Club,Sidewalk Repair Issue,0,1
Fairbanks Ranch Country Club,Stormwater Code Enforcement,1,0
Fairbanks Ranch Country Club,Street Light Maintenance,1,5
Fairbanks Ranch Country Club,Street Sweeping,1,0
Fairbanks Ranch Country Club,Traffic Sign Maintenance,1,2
Fairbanks Ranch Country Club,Traffic Signal Issue,2,0
Fairbanks Ranch Country Club,Tree Maintenance,5,0
Fairbanks Ranch Country Club,Weed Cleanup,1,0
Greater Golden Hill,Dead Animal,53,0
Greater Golden Hill,Development Services - Code Enforcement,23,7
Greater Golden Hill,Encampment,339,43
Greater Golden Hill,Environmental Services Code Compliance,33,27
Greater Golden Hill,Graffiti,473,0
Greater Golden Hill,Graffiti - Code Enforcement,130,25
Greater Golden Hill,Graffiti - Public,264,77
Greater Golden Hill,Illegal Dumping,417,82
Greater Golden Hill,Missed Collection,609,22
Greater Golden Hill,Other,108,7
Greater Golden Hill,Parking,685,95
Greater Golden Hill,Parks Issue,11,1
Greater Golden Hill,Pavement Maintenance,10,47
Greater Golden Hill,Pothole,159,4
Greater Golden Hill,ROW Maintenance,28,36
Greater Golden Hill,Right-of-Way Code Enforcement,4,29
Greater Golden Hill,Shared Mobility Device,8,0
Greater Golden Hill,Sidewalk Repair Issue,69,41
Greater Golden Hill,Stormwater,15,2
Greater Golden Hill,Stormwater Code Enforcement,37,6
Greater Golden Hill,Street Flooded,16,0
Greater Golden Hill,Street Light Maintenance,13,60
Greater Golden Hill,Street Sweeping,31,2
Greater Golden Hill,Traffic Engineering,18,13
Greater Golden Hill,Traffic Sign Maintenance,19,59
Greater Golden Hill,Traffic Signal Issue,11,1
Greater Golden Hill,Traffic Signal Timing,5,0
Greater Golden Hill,Trash/Recycling Collection,25,10
Greater Golden Hill,Tree Maintenance,72,35
Greater Golden Hill,Waste on Private Property,15,5
Greater Golden Hill,Weed Cleanup,19,2
Kearny Mesa,Dead Animal,36,0
Kearny Mesa,Development Services - Code Enforcement,7,0
Kearny Mesa,Encampment,529,86
Kearny Mesa,Environmental Services Code Compliance,58,12
Kearny Mesa,Graffiti,96,0
Kearny Mesa,Graffiti - Code Enforcement,20,4
Kearny Mesa,Graffiti - Public,9,11
Kearny Mesa,Illegal Dumping,237,13
Kearny Mesa,Missed Collection,8,0
Kearny Mesa,Other,68,1
Kearny Mesa,Parking,342,102
Kearny Mesa,Parks Issue,7,1
Kearny Mesa,Pavement Maintenance,12,14
Kearny Mesa,Pothole,550,0
Kearny Mesa,ROW Maintenance,13,40
Kearny Mesa,Right-of-Way Code Enforcement,2,4
Kearny Mesa,Shared Mobility Device,1,0
Kearny Mesa,Sidewalk Repair Issue,34,83
Kearny Mesa,Stormwater,13,8
Kearny Mesa,Stormwater Code Enforcement,74,17
Kearny Mesa,Street Flooded,9,0
Kearny Mesa,Street Light Maintenance,25,33
Kearny Mesa,Street Sweeping,32,0
Kearny Mesa,Traffic Engineering,7,11
Kearny Mesa,Traffic Sign Maintenance,25,64
Kearny Mesa,Traffic Signal Issue,142,1
Kearny Mesa,Traffic Signal Timing,124,0
Kearny Mesa,Trash/Recycling Collection,1,0
Kearny Mesa,Tree Maintenance,34,8
Kearny Mesa,Waste on Private Property,6,0
Kearny Mesa,Weed Cleanup,13,1
La Jolla,Dead Animal,73,1
La Jolla,Development Services - Code Enforcement,34,21
La Jolla,Encampment,352,39
La Jolla,Environmental Services Code Compliance,89,3
La Jolla,Graffiti,262,0
La Jolla,Graffiti - Code Enforcement,118,4
La Jolla,Graffiti - Public,30,21
La Jolla,Illegal Dumping,202,17
La Jolla,Missed Collection,904,34
La Jolla,Other,179,13
La Jolla,Parking,958,55
La Jolla,Parks Issue,83,10
La Jolla,Pavement Maintenance,42,156
La Jolla,Pothole,578,5
La Jolla,ROW Maintenance,85,79
La Jolla,Right-of-Way Code Enforcement,30,37
La Jolla,Shared Mobility Device,222,17
La Jolla,Sidewalk Repair Issue,75,76
La Jolla,Stormwater,61,24
La Jolla,Stormwater Code Enforcement,87,14
La Jolla,Street Flooded,30,0
La Jolla,Street Light Maintenance,69,100
La Jolla,Street Sweeping,59,13
La Jolla,Traffic Engineering,42,26
La Jolla,Traffic Sign Maintenance,194,121
La Jolla,Traffic Signal Issue,136,1
La Jolla,Traffic Signal Timing,51,1
La Jolla,Trash/Recycling Collection,42,2
La Jolla,Tree Maintenance,199,49
La Jolla,Waste on Private Property,23,1
La Jolla,Weed Cleanup,47,3
Linda Vista,Dead Animal,66,0
Linda Vista,Development Services - Code Enforcement,32,2
Linda Vista,Encampment,512,126
Linda Vista,Environmental Services Code Compliance,73,10
Linda Vista,Graffiti,221,0
Linda Vista,Graffiti - Code Enforcement,35,9
Linda Vista,Graffiti - Public,50,33
Linda Vista,Illegal Dumping,1084,4
Linda Vista,Missed Collection,285,5
Linda Vista,Other,102,1
Linda Vista,Parking,866,163
Linda Vista,Parks Issue,31,6
Linda Vista,Pavement Maintenance,6,18
Linda Vista,Pothole,123,2
Linda Vista,ROW Maintenance,21,22
Linda Vista,Right-of-Way Code Enforcement,6,11
Linda Vista,Shared Mobility Device,2,1
Linda Vista,Sidewalk Repair Issue,23,16
Linda Vista,Stormwater,24,8
Linda Vista,Stormwater Code Enforcement,54,6
Linda Vista,Street Flooded,26,0
Linda Vista,Street Light Maintenance,31,55
Linda Vista,Street Sweeping,27,3
Linda Vista,Traffic Engineering,20,13
Linda Vista,Traffic Sign Maintenance,32,13
Linda Vista,Traffic Signal Issue,123,0
Linda Vista,Traffic Signal Timing,95,1
Linda Vista,Trash/Recycling Collection,15,1
Linda Vista,Tree Maintenance,44,10
Linda Vista,Waste on Private Property,12,1
Linda Vista,Weed Cleanup,6,1
Los Penasquitos Canyon,Dead Animal,3,0
Los Penasquitos Canyon,Graffiti,3,0
Los Penasquitos Canyon,Illegal Dumping,4,0
Los Penasquitos Canyon,Other,4,0
Los Penasquitos Canyon,Parks Issue,5,2
Los Penasquitos Canyon,Stormwater,0,1
Los Penasquitos Canyon,Stormwater Code Enforcement,3,0
Los Penasquitos Canyon,Street Flooded,2,0
Los Penasquitos Canyon,Street Light Maintenance,1,0
Los Penasquitos Canyon,Waste on Private Property,1,0
Los Penasquitos Canyon,Weed Cleanup,1,2
Mid-City:City Heights,Dead Animal,194,0
Mid-City:City Heights,Development Services - Code Enforcement,80,26
Mid-City:City Heights,Encampment,2674,479
Mid-City:City Heights,Environmental Services Code Compliance,417,30
Mid-City:City Heights,Graffiti,2935,0
Mid-City:City Heights,Graffiti - Code Enforcement,406,129
Mid-City:City Heights,Graffiti - Public,869,485
Mid-City:City Heights,Illegal Dumping,9021,222
Mid-City:City Heights,Missed Collection,1152,36
Mid-City:City Heights,Other,319,24
Mid-City:City Heights,Parking,2598,408
Mid-City:City Heights,Parks Issue,52,17
Mid-City:City Heights,Pavement Maintenance,41,90
Mid-City:City Heights,Pothole,830,33
Mid-City:City Heights,ROW Maintenance,59,60
Mid-City:City Heights,Right-of-Way Code Enforcement,9,67
Mid-City:City Heights,Shared Mobility Device,8,0
Mid-City:City Heights,Sidewalk Repair Issue,138,90
Mid-City:City Heights,Stormwater,38,29
Mid-City:City Heights,Stormwater Code Enforcement,115,8
Mid-City:City Heights,Street Flooded,46,3
Mid-City:City Heights,Street Light Maintenance,113,121
Mid-City:City Heights,Street Sweeping,87,21
Mid-City:City Heights,Traffic Engineering,56,23
Mid-City:City Heights,Traffic Sign Maintenance,112,123
Mid-City:City Heights,Traffic Signal Issue,145,1
Mid-City:City Heights,Traffic Signal Timing,62,1
Mid-City:City Heights,Trash/Recycling Collection,72,7
Mid-City:City Heights,Tree Maintenance,195,44
Mid-City:City Heights,Waste on Private Property,330,22
Mid-City:City Heights,Weed Cleanup,40,5
Mid-City:Eastern Area,Dead Animal,111,0
Mid-City:Eastern Area,Development Services - Code Enforcement,42,9
Mid-City:Eastern Area,Encampment,2581,299
Mid-City:Eastern Area,Environmental Services Code Compliance,129,6
Mid-City:Eastern Area,Graffiti,554,0
Mid-City:Eastern Area,Graffiti - Code Enforcement,86,19
Mid-City:Eastern Area,Graffiti - Public,101,70
Mid-City:Eastern Area,Illegal Dumping,1886,67
Mid-City:Eastern Area,Missed Collection,735,5
Mid-City:Eastern Area,Other,151,7
Mid-City:Eastern Area,Parking,1323,140
Mid-City:Eastern Area,Parks Issue,42,5
Mid-City:Eastern Area,Pavement Maintenance,11,34
Mid-City:Eastern Area,Pothole,356,8
Mid-City:Eastern Area,ROW Maintenance,33,46
Mid-City:Eastern Area,Right-of-Way Code Enforcement,8,48
Mid-City:Eastern Area,Shared Mobility Device,15,2
Mid-City:Eastern Area,Sidewalk Repair Issue,76,27
Mid-City:Eastern Area,Stormwater,25,8
Mid-City:Eastern Area,Stormwater Code Enforcement,40,6
Mid-City:Eastern Area,Street Flooded,15,2
Mid-City:Eastern Area,Street Light Maintenance,34,200
Mid-City:Eastern Area,Street Sweeping,59,6
Mid-City:Eastern Area,Traffic Engineering,38,12
Mid-City:Eastern Area,Traffic Sign Maintenance,50,54
Mid-City:Eastern Area,Traffic Signal Issue,75,3
Mid-City:Eastern Area,Traffic Signal Timing,33,1
Mid-City:Eastern Area,Trash/Recycling Collection,25,4
Mid-City:Eastern Area,Tree Maintenance,97,20
Mid-City:Eastern Area,Waste on Private Property,79,9
Mid-City:Eastern Area,Weed Cleanup,28,6
Mid-City:Kensington-Talmadge,Dead Animal,46,0
Mid-City:Kensington-Talmadge,Development Services - Code Enforcement,14,5
Mid-City:Kensington-Talmadge,Encampment,521,77
Mid-City:Kensington-Talmadge,Environmental Services Code Compliance,45,0
Mid-City:Kensington-Talmadge,Graffiti,224,0
Mid-City:Kensington-Talmadge,Graffiti - Code Enforcement,42,11
Mid-City:Kensington-Talmadge,Graffiti - Public,33,43
Mid-City:Kensington-Talmadge,Illegal Dumping,697,3
Mid-City:Kensington-Talmadge,Missed Collection,422,15
Mid-City:Kensington-Talmadge,Other,82,1
Mid-City:Kensington-Talmadge,Parking,688,25
Mid-City:Kensington-Talmadge,Parks Issue,7,4
Mid-City:Kensington-Talmadge,Pavement Maintenance,15,40
Mid-City:Kensington-Talmadge,Pothole,67,2
Mid-City:Kensington-Talmadge,ROW Maintenance,12,20
Mid-City:Kensington-Talmadge,Right-of-Way Code Enforcement,2,14
Mid-City:Kensington-Talmadge,Shared Mobility Device,4,0
Mid-City:Kensington-Talmadge,Sidewalk Repair Issue,53,35
Mid-City:Kensington-Talmadge,Stormwater,8,12
Mid-City:Kensington-Talmadge,Stormwater Code Enforcement,28,11
Mid-City:Kensington-Talmadge,Street Flooded,18,4
Mid-City:Kensington-Talmadge,Street Light Maintenance,32,269
Mid-City:Kensington-Talmadge,Street Sweeping,18,2
Mid-City:Kensington-Talmadge,Traffic Engineering,10,10
Mid-City:Kensington-Talmadge,Traffic Sign Maintenance,21,11
Mid-City:Kensington-Talmadge,Traffic Signal Issue,19,0
Mid-City:Kensington-Talmadge,Traffic Signal Timing,11,0
Mid-City:Kensington-Talmadge,Trash/Recycling Collection,12,3
Mid-City:Kensington-Talmadge,Tree Maintenance,150,19
Mid-City:Kensington-Talmadge,Waste on Private Property,28,1
Mid-City:Kensington-Talmadge,Weed Cleanup,8,3
Mid-City:Normal Heights,Dead Animal,42,0
Mid-City:Normal Heights,Development Services - Code Enforcement,23,10
Mid-City:Normal Heights,Encampment,575,42
Mid-City:Normal Heights,Environmental Services Code Compliance,72,7
Mid-City:Normal Heights,Graffiti,231,0
Mid-City:Normal Heights,Graffiti - Code Enforcement,34,35
Mid-City:Normal Heights,Graffiti - Public,33,61
Mid-City:Normal Heights,Illegal Dumping,483,40
Mid-City:Normal Heights,Missed Collection,424,11
Mid-City:Normal Heights,Other,75,4
Mid-City:Normal Heights,Parking,1175,118
Mid-City:Normal Heights,Parks Issue,13,9
Mid-City:Normal Heights,Pavement Maintenance,8,51
Mid-City:Normal Heights,Pothole,179,0
Mid-City:Normal Heights,ROW Maintenance,14,18
Mid-City:Normal Heights,Right-of-Way Code Enforcement,3,37
Mid-City:Normal Heights,Shared Mobility Device,8,0
Mid-City:Normal Heights,Sidewalk Repair Issue,48,32
Mid-City:Normal Heights,Stormwater,3,4
Mid-City:Normal Heights,Stormwater Code Enforcement,26,4
Mid-City:Normal Heights,Street Flooded,35,6
Mid-City:Normal Heights,Street Light Maintenance,8,27
Mid-City:Normal Heights,Street Sweeping,15,4
Mid-City:Normal Heights,Traffic Engineering,12,8
Mid-City:Normal Heights,Traffic Sign Maintenance,18,56
Mid-City:Normal Heights,Traffic Signal Issue,22,1
Mid-City:Normal Heights,Traffic Signal Timing,31,0
Mid-City:Normal Heights,Trash/Recycling Collection,15,2
Mid-City:Normal Heights,Tree Maintenance,119,32
Mid-City:Normal Heights,Waste on Private Property,40,5
Mid-City:Normal Heights,Weed Cleanup,11,1
Midway-Pacific Highway,Dead Animal,13,0
Midway-Pacific Highway,Development Services - Code Enforcement,9,3
Midway-Pacific Highway,Encampment,1172,151
Midway-Pacific Highway,Environmental Services Code Compliance,55,3
Midway-Pacific Highway,Graffiti,482,0
Midway-Pacific Highway,Graffiti - Code Enforcement,72,43
Midway-Pacific Highway,Graffiti - Public,72,110
Midway-Pacific Highway,Illegal Dumping,332,17
Midway-Pacific Highway,Missed Collection,20,0
Midway-Pacific Highway,Other,60,4
Midway-Pacific Highway,Parking,226,15
Midway-Pacific Highway,Parks Issue,1,0
Midway-Pacific Highway,Pavement Maintenance,6,9
Midway-Pacific Highway,Pothole,173,4
Midway-Pacific Highway,ROW Maintenance,21,35
Midway-Pacific Highway,Right-of-Way Code Enforcement,0,5
Midway-Pacific Highway,Shared Mobility Device,20,0
Midway-Pacific Highway,Sidewalk Repair Issue,36,8
Midway-Pacific Highway,Stormwater,14,6
Midway-Pacific Highway,Stormwater Code Enforcement,18,1
Midway-Pacific Highway,Street Flooded,13,0
Midway-Pacific Highway,Street Light Maintenance,8,42
Midway-Pacific Highway,Street Sweeping,22,1
Midway-Pacific Highway,Traffic Engineering,14,13
Midway-Pacific Highway,Traffic Sign Maintenance,21,49
Midway-Pacific Highway,Traffic Signal Issue,91,0
Midway-Pacific Highway,Traffic Signal Timing,110,4
Midway-Pacific Highway,Trash/Recycling Collection,3,0
Midway-Pacific Highway,Tree Maintenance,9,1
Midway-Pacific Highway,Waste on Private Property,25,0
Midway-Pacific Highway,Weed Cleanup,7,4
Military Facilities,Dead Animal,8,0
Military Facilities,Encampment,6,0
Military Facilities,Environmental Services Code Compliance,3,0
Military Facilities,Graffiti,11,0
Military Facilities,Graffiti - Code Enforcement,1,0
Military Facilities,Graffiti - Public,1,0
Military Facilities,Illegal Dumping,47,2
Military Facilities,Missed Collection,1,0
Military Facilities,Other,4,0
Military Facilities,Parking,3,0
Military Facilities,Pavement Maintenance,0,1
Military Facilities,Pothole,72,0
Military Facilities,ROW Maintenance,3,10
Military Facilities,Right-of-Way Code Enforcement,2,0
Military Facilities,Stormwater,3,1
Military Facilities,Stormwater Code Enforcement,2,0
Military Facilities,Street Flooded,2,0
Military Facilities,Street Light Maintenance,1,1
Military Facilities,Street Sweeping,11,11
Military Facilities,Traffic Engineering,3,2
Military Facilities,Traffic Sign Maintenance,15,24
Military Facilities,Traffic Signal Issue,16,0
Military Facilities,Traffic Signal Timing,7,0
Military Facilities,Tree Maintenance,10,0
Military Facilities,Waste on Private Property,1,0
Military Facilities,Weed Cleanup,5,1
Mira Mesa,Dead Animal,149,0
Mira Mesa,Development Services - Code Enforcement,23,11
Mira Mesa,Encampment,633,109
Mira Mesa,Environmental Services Code Compliance,137,36
Mira Mesa,Graffiti,125,0
Mira Mesa,Graffiti - Code Enforcement,13,0
Mira Mesa,Graffiti - Public,17,32
Mira Mesa,Illegal Dumping,300,17
Mira Mesa,Missed Collection,691,32
Mira Mesa,Other,155,28
Mira Mesa,Parking,1300,177
Mira Mesa,Parks Issue,105,23
Mira Mesa,Pavement Maintenance,19,74
Mira Mesa,Pothole,925,5
Mira Mesa,ROW Maintenance,24,47
Mira Mesa,Right-of-Way Code Enforcement,37,111
Mira Mesa,Shared Mobility Device,3,0
Mira Mesa,Sidewalk Repair Issue,65,165
Mira Mesa,Stormwater,23,15
Mira Mesa,Stormwater Code Enforcement,108,26
Mira Mesa,Street Flooded,65,0
Mira Mesa,Street Light Maintenance,204,95
Mira Mesa,Street Sweeping,67,7
Mira Mesa,Traffic Engineering,42,16
Mira Mesa,Traffic Sign Maintenance,102,69
Mira Mesa,Traffic Signal Issue,310,3
Mira Mesa,Traffic Signal Timing,233,12
Mira Mesa,Trash/Recycling Collection,28,4
Mira Mesa,Tree Maintenance,85,29
Mira Mesa,Waste on Private Property,38,3
Mira Mesa,Weed Cleanup,31,3
Miramar Ranch North,Dead Animal,19,0
Miramar Ranch North,Encampment,18,10
Miramar Ranch North,Environmental Services Code Compliance,1,1
Miramar Ranch North,Graffiti,54,0
Miramar Ranch North,Graffiti - Code Enforcement,1,0
Miramar Ranch North,Graffiti - Public,6,0
Miramar Ranch North,Illegal Dumping,15,0
Miramar Ranch North,Missed Collection,137,2
Miramar Ranch North,Other,17,2
Miramar Ranch North,Parking,86,16
Miramar Ranch North,Parks Issue,22,4
Miramar Ranch North,Pavement Maintenance,0,3
Miramar Ranch North,Pothole,9,0
Miramar Ranch North,ROW Maintenance,6,3
Miramar Ranch North,Right-of-Way Code Enforcement,1,1
Miramar Ranch North,Sidewalk Repair Issue,8,11
Miramar Ranch North,Stormwater,5,3
Miramar Ranch North,Stormwater Code Enforcement,12,1
Miramar Ranch North,Street Flooded,4,0
Miramar Ranch North,Street Light Maintenance,15,21
Miramar Ranch North,Street Sweeping,4,0
Miramar Ranch North,Traffic Engineering,4,5
Miramar Ranch North,Traffic Sign Maintenance,8,7
Miramar Ranch North,Traffic Signal Issue,41,0
Miramar Ranch North,Traffic Signal Timing,32,3
Miramar Ranch North,Trash/Recycling Collection,12,0
Miramar Ranch North,Tree Maintenance,13,1
Miramar Ranch North,Waste on Private Property,3,0
Miramar Ranch North,Weed Cleanup,2,0
Mission Bay Park,Dead Animal,49,0
Mission Bay Park,Development Services - Code Enforcement,6,0
Mission Bay Park,Encampment,1808,180
Mission Bay Park,Environmental Services Code Compliance,10,0
Mission Bay Park,Graffiti,325,0
Mission Bay Park,Graffiti - Code Enforcement,7,1
Mission Bay Park,Graffiti - Public,62,6
Mission Bay Park,Illegal Dumping,200,9
Mission Bay Park,Missed Collection,8,0
Mission Bay Park,Other,131,0
Mission Bay Park,Parking,163,2
Mission Bay Park,Parks Issue,323,27
Mission Bay Park,Pavement Maintenance,3,2
Mission Bay Park,Pothole,69,0
Mission Bay Park,ROW Maintenance,15,12
Mission Bay Park,Right-of-Way Code Enforcement,0,3
Mission Bay Park,Shared Mobility Device,103,19
Mission Bay Park,Sidewalk Repair Issue,12,5
Mission Bay Park,Stormwater,10,1
Mission Bay Park,Stormwater Code Enforcement,33,5
Mission Bay Park,Street Flooded,11,0
Mission Bay Park,Street Light Maintenance,29,75
Mission Bay Park,Street Sweeping,30,1
Mission Bay Park,Traffic Engineering,1,7
Mission Bay Park,Traffic Sign Maintenance,25,35
Mission Bay Park,Traffic Signal Issue,32,1
Mission Bay Park,Traffic Signal Timing,31,1
Mission Bay Park,Trash/Recycling Collection,2,0
Mission Bay Park,Tree Maintenance,48,1
Mission Bay Park,Waste on Private Property,2,0
Mission Bay Park,Weed Cleanup,10,0
Mission Beach,Dead Animal,2,0
Mission Beach,Development Services - Code Enforcement,27,8
Mission Beach,Encampment,142,28
Mission Beach,Environmental Services Code Compliance,51,2
Mission Beach,Graffiti,79,0
Mission Beach,Graffiti - Code Enforcement,7,1
Mission Beach,Graffiti - Public,22,6
Mission Beach,Illegal Dumping,242,9
Mission Beach,Missed Collection,121,0
Mission Beach,Other,118,6
Mission Beach,Parking,334,4
Mission Beach,Parks Issue,171,6
Mission Beach,Pavement Maintenance,7,4
Mission Beach,Pothole,35,0
Mission Beach,ROW Maintenance,18,20
Mission Beach,Right-of-Way Code Enforcement,0,4
Mission Beach,Shared Mobility Device,2037,540
Mission Beach,Sidewalk Repair Issue,37,15
Mission Beach,Stormwater,15,3
Mission Beach,Stormwater Code Enforcement,13,3
Mission Beach,Street Flooded,14,1
Mission Beach,Street Light Maintenance,19,174
Mission Beach,Street Sweeping,76,22
Mission Beach,Traffic Engineering,5,5
Mission Beach,Traffic Sign Maintenance,40,39
Mission Beach,Traffic Signal Issue,23,0
Mission Beach,Trash/Recycling Collection,11,0
Mission Beach,Tree Maintenance,10,1
Mission Beach,Waste on Private Property,16,0
Mission Beach,Weed Cleanup,1,0
Mission Valley,Dead Animal,52,0
Mission Valley,Development Services - Code Enforcement,17,2
Mission Valley,Encampment,1080,145
Mission Valley,Environmental Services Code Compliance,97,7
Mission Valley,Graffiti,509,0
Mission Valley,Graffiti - Code Enforcement,37,3
Mission Valley,Graffiti - Public,70,18
Mission Valley,Illegal Dumping,327,23
Mission Valley,Missed Collection,8,0
Mission Valley,Other,100,9
Mission Valley,Parking,499,161
Mission Valley,Parks Issue,25,5
Mission Valley,Pavement Maintenance,7,16
Mission Valley,Pothole,211,3
Mission Valley,ROW Maintenance,40,34
Mission Valley,Right-of-Way Code Enforcement,3,1
Mission Valley,Shared Mobility Device,2,0
Mission Valley,Sidewalk Repair Issue,16,21
Mission Valley,Stormwater,24,12
Mission Valley,Stormwater Code Enforcement,56,17
Mission Valley,Street Flooded,10,0
Mission Valley,Street Light Maintenance,39,81
Mission Valley,Street Sweeping,47,3
Mission Valley,Traffic Engineering,21,6
Mission Valley,Traffic Sign Maintenance,37,79
Mission Valley,Traffic Signal Issue,125,2
Mission Valley,Traffic Signal Timing,93,2
Mission Valley,Trash/Recycling Collection,2,0
Mission Valley,Tree Maintenance,53,6
Mission Valley,Waste on Private Property,27,0
Mission Valley,Weed Cleanup,23,4
Navajo,Dead Animal,95,2
Navajo,Development Services - Code Enforcement,31,5
Navajo,Encampment,721,66
Navajo,Environmental Services Code Compliance,58,11
Navajo,Graffiti,205,0
Navajo,Graffiti - Code Enforcement,39,1
Navajo,Graffiti - Public,46,22
Navajo,Illegal Dumping,229,15
Navajo,Missed Collection,857,27
Navajo,Other,180,4
Navajo,Parking,908,361
Navajo,Parks Issue,73,20
Navajo,Pavement Maintenance,26,95
Navajo,Pothole,525,5
Navajo,ROW Maintenance,54,52
Navajo,Right-of-Way Code Enforcement,20,47
Navajo,Sidewalk Repair Issue,76,232
Navajo,Stormwater,36,35
Navajo,Stormwater Code Enforcement,79,15
Navajo,Street Flooded,46,2
Navajo,Street Light Maintenance,48,90
Navajo,Street Sweeping,51,4
Navajo,Traffic Engineering,31,27
Navajo,Traffic Sign Maintenance,62,154
Navajo,Traffic Signal Issue,170,0
Navajo,Traffic Signal Timing,110,2
Navajo,Trash/Recycling Collection,38,5
Navajo,Tree Maintenance,175,55
Navajo,Waste on Private Property,27,0
Navajo,Weed Cleanup,66,1
Ncfua Subarea Ii,Dead Animal,1,0
Ncfua Subarea Ii,Development Services - Code Enforcement,1,0
Ncfua Subarea Ii,Encampment,0,1
Ncfua Subarea Ii,Graffiti,1,0
Ncfua Subarea Ii,Graffiti - Code Enforcement,1,0
Ncfua Subarea Ii,Graffiti - Public,1,0
Ncfua Subarea Ii,Illegal Dumping,4,0
Ncfua Subarea Ii,Missed Collection,1,0
Ncfua Subarea Ii,Parks Issue,1,1
Ncfua Subarea Ii,Pavement Maintenance,1,0
Ncfua Subarea Ii,Pothole,6,0
Ncfua Subarea Ii,ROW Maintenance,0,1
Ncfua Subarea Ii,Right-of-Way Code Enforcement,2,1
Ncfua Subarea Ii,Stormwater Code Enforcement,2,0
Ncfua Subarea Ii,Street Light Maintenance,1,1
Ncfua Subarea Ii,Street Sweeping,1,0
Ncfua Subarea Ii,Traffic Engineering,0,1
Ncfua Subarea Ii,Traffic Signal Issue,6,0
Ncfua Subarea Ii,Traffic Signal Timing,1,0
Ncfua Subarea Ii,Tree Maintenance,1,1
Ncfua Subarea Ii,Weed Cleanup,1,1
North Park,Dead Animal,139,0
North Park,Development Services - Code Enforcement,66,18
North Park,Encampment,1807,237
North Park,Environmental Services Code Compliance,266,55
North Park,Graffiti,1011,0
North Park,Graffiti - Code Enforcement,206,115
North Park,Graffiti - Public,232,251
North Park,Homeless Outreach,4,0
North Park,Illegal Dumping,1654,112
North Park,Missed Collection,1798,25
North Park,Other,271,9
North Park,Parking,3059,224
North Park,Parks Issue,29,14
North Park,Pavement Maintenance,21,97
North Park,Pothole,399,5
North Park,ROW Maintenance,85,148
North Park,Right-of-Way Code Enforcement,4,84
North Park,Shared Mobility Device,42,1
North Park,Sidewalk Repair Issue,166,96
North Park,Stormwater,33,20
North Park,Stormwater Code Enforcement,159,23
North Park,Street Flooded,111,3
North Park,Street Light Maintenance,43,142
North Park,Street Sweeping,86,12
North Park,Traffic Engineering,79,66
North Park,Traffic Sign Maintenance,104,205
North Park,Traffic Signal Issue,136,1
North Park,Traffic Signal Timing,66,2
North Park,Trash/Recycling Collection,94,18
North Park,Tree Maintenance,315,62
North Park,Waste on Private Property,74,20
North Park,Weed Cleanup,22,2
Ocean Beach,Dead Animal,39,0
Ocean Beach,Development Services - Code Enforcement,31,4
Ocean Beach,Encampment,1195,185
Ocean Beach,Environmental Services Code Compliance,141,10
Ocean Beach,Graffiti,421,0
Ocean Beach,Graffiti - Code Enforcement,43,9
Ocean Beach,Graffiti - Public,44,39
Ocean Beach,Illegal Dumping,1382,2
Ocean Beach,Missed Collection,395,6
Ocean Beach,Other,105,9
Ocean Beach,Parking,2631,51
Ocean Beach,Parks Issue,83,7
Ocean Beach,Pavement Maintenance,10,18
Ocean Beach,Pothole,40,2
Ocean Beach,ROW Maintenance,19,29
Ocean Beach,Right-of-Way Code Enforcement,4,33
Ocean Beach,Shared Mobility Device,40,1
Ocean Beach,Sidewalk Repair Issue,35,20
Ocean Beach,Stormwater,1,8
Ocean Beach,Stormwater Code Enforcement,26,7
Ocean Beach,Street Flooded,17,0
Ocean Beach,Street Light Maintenance,22,66
Ocean Beach,Street Sweeping,16,11
Ocean Beach,Traffic Engineering,14,14
Ocean Beach,Traffic Sign Maintenance,40,88
Ocean Beach,Traffic Signal Issue,28,0
Ocean Beach,Traffic Signal Timing,5,0
Ocean Beach,Trash/Recycling Collection,44,1
Ocean Beach,Tree Maintenance,76,24
Ocean Beach,Waste on Private Property,49,2
Ocean Beach,Weed Cleanup,3,0
Old Town San Diego,Dead Animal,4,0
Old Town San Diego,Development Services - Code Enforcement,6,1
Old Town San Diego,Encampment,309,53
Old Town San Diego,Environmental Services Code Compliance,146,2
Old Town San Diego,Graffiti,214,0
Old Town San Diego,Graffiti - Code Enforcement,27,12
Old Town San Diego,Graffiti - Public,23,32
Old Town San Diego,Illegal Dumping,128,3
Old Town San Diego,Missed Collection,35,1
Old Town San Diego,Other,19,0
Old Town San Diego,Parking,63,42
Old Town San Diego,Parks Issue,12,5
Old Town San Diego,Pavement Maintenance,0,4
Old Town San Diego,Pothole,27,2
Old Town San Diego,ROW Maintenance,3,8
Old Town San Diego,Right-of-Way Code Enforcement,0,1
Old Town San Diego,Shared Mobility Device,2,0
Old Town San Diego,Sidewalk Repair Issue,4,3
Old Town San Diego,Stormwater,6,1
Old Town San Diego,Stormwater Code Enforcement,8,3
Old Town San Diego,Street Flooded,4,0
Old Town San Diego,Street Light Maintenance,8,4
Old Town San Diego,Street Sweeping,5,0
Old Town San Diego,Traffic Engineering,1,4
Old Town San Diego,Traffic Sign Maintenance,6,13
Old Town San Diego,Traffic Signal Issue,20,0
Old Town San Diego,Traffic Signal Timing,19,0
Old Town San Diego,Trash/Recycling Collection,3,0
Old Town San Diego,Tree Maintenance,12,2
Old Town San Diego,Waste on Private Property,7,0
Otay Mesa,Dead Animal,17,0
Otay Mesa,Development Services - Code Enforcement,9,3
Otay Mesa,Encampment,91,4
Otay Mesa,Environmental Services Code Compliance,29,25
Otay Mesa,Graffiti,57,0
Otay Mesa,Graffiti - Code Enforcement,8,1
Otay Mesa,Graffiti - Public,10,23
Otay Mesa,Illegal Dumping,334,12
Otay Mesa,Missed Collection,173,11
Otay Mesa,Other,34,1
Otay Mesa,Parking,486,29
Otay Mesa,Parks Issue,14,4
Otay Mesa,Pavement Maintenance,6,9
Otay Mesa,Pothole,48,2
Otay Mesa,ROW Maintenance,7,14
Otay Mesa,Right-of-Way Code Enforcement,5,11
Otay Mesa,Sidewalk Repair Issue,30,30
Otay Mesa,Stormwater,5,3
Otay Mesa,Stormwater Code Enforcement,21,2
Otay Mesa,Street Flooded,7,1
Otay Mesa,Street Light Maintenance,14,39
Otay Mesa,Street Sweeping,30,4
Otay Mesa,Traffic Engineering,8,12
Otay Mesa,Traffic Sign Maintenance,13,18
Otay Mesa,Traffic Signal Issue,62,0
Otay Mesa,Traffic Signal Timing,33,1
Otay Mesa,Trash/Recycling Collection,4,2
Otay Mesa,Tree Maintenance,60,15
Otay Mesa,Waste on Private Property,11,0
Otay Mesa,Weed Cleanup,13,1
Otay Mesa-Nestor,Dead Animal,152,0
Otay Mesa-Nestor,Development Services - Code Enforcement,19,3
Otay Mesa-Nestor,Encampment,537,16
Otay Mesa-Nestor,Environmental Services Code Compliance,64,14
Otay Mesa-Nestor,Graffiti,481,0
Otay Mesa-Nestor,Graffiti - Code Enforcement,58,29
Otay Mesa-Nestor,Graffiti - Public,124,104
Otay Mesa-Nestor,Illegal Dumping,734,16
Otay Mesa-Nestor,Missed Collection,684,26
Otay Mesa-Nestor,Other,85,10
Otay Mesa-Nestor,Parking,1376,83
Otay Mesa-Nestor,Parks Issue,72,30
Otay Mesa-Nestor,Pavement Maintenance,7,36
Otay Mesa-Nestor,Pothole,158,7
Otay Mesa-Nestor,ROW Maintenance,33,44
Otay Mesa-Nestor,Right-of-Way Code Enforcement,15,39
Otay Mesa-Nestor,Shared Mobility Device,0,1
Otay Mesa-Nestor,Sidewalk Repair Issue,64,39
Otay Mesa-Nestor,Stormwater,25,21
Otay Mesa-Nestor,Stormwater Code Enforcement,23,10
Otay Mesa-Nestor,Street Flooded,10,1
Otay Mesa-Nestor,Street Light Maintenance,36,52
Otay Mesa-Nestor,Street Sweeping,44,2
Otay Mesa-Nestor,Traffic Engineering,18,23
Otay Mesa-Nestor,Traffic Sign Maintenance,16,55
Otay Mesa-Nestor,Traffic Signal Issue,62,1
Otay Mesa-Nestor,Traffic Signal Timing,33,0
Otay Mesa-Nestor,Trash/Recycling Collection,40,7
Otay Mesa-Nestor,Tree Maintenance,64,21
Otay Mesa-Nestor,Waste on Private Property,39,3
Otay Mesa-Nestor,Weed Cleanup,47,7
Pacific Beach,Dead Animal,70,0
Pacific Beach,Development Services - Code Enforcement,52,21
Pacific Beach,Encampment,1329,85
Pacific Beach,Environmental Services Code Compliance,234,21
Pacific Beach,Graffiti,487,0
Pacific Beach,Graffiti - Code Enforcement,67,52
Pacific Beach,Graffiti - Public,122,153
Pacific Beach,Illegal Dumping,2586,21
Pacific Beach,Missed Collection,1271,24
Pacific Beach,Other,266,19
Pacific Beach,Parking,1983,103
Pacific Beach,Parks Issue,103,28
Pacific Beach,Pavement Maintenance,19,53
Pacific Beach,Pothole,336,0
Pacific Beach,ROW Maintenance,55,68
Pacific Beach,Right-of-Way Code Enforcement,7,32
Pacific Beach,Shared Mobility Device,976,773
Pacific Beach,Sidewalk Repair Issue,69,100
Pacific Beach,Stormwater,34,13
Pacific Beach,Stormwater Code Enforcement,134,12
Pacific Beach,Street Flooded,81,2
Pacific Beach,Street Light Maintenance,145,226
Pacific Beach,Street Sweeping,44,13
Pacific Beach,Traffic Engineering,56,42
Pacific Beach,Traffic Sign Maintenance,89,103
Pacific Beach,Traffic Signal Issue,197,14
Pacific Beach,Traffic Signal Timing,107,6
Pacific Beach,Trash/Recycling Collection,50,11
Pacific Beach,Tree Maintenance,200,46
Pacific Beach,Waste on Private Property,65,1
Pacific Beach,Weed Cleanup,14,5
Pacific Highlands Ranch,Dead Animal,5,0
Pacific Highlands Ranch,Development Services - Code Enforcement,2,2
Pacific Highlands Ranch,Encampment,6,1
Pacific Highlands Ranch,Environmental Services Code Compliance,6,0
Pacific Highlands Ranch,Graffiti,44,0
Pacific Highlands Ranch,Graffiti - Public,0,1
Pacific Highlands Ranch,Illegal Dumping,13,0
Pacific Highlands Ranch,Missed Collection,133,0
Pacific Highlands Ranch,Other,18,0
Pacific Highlands Ranch,Parking,31,11
Pacific Highlands Ranch,Parks Issue,11,4
Pacific Highlands Ranch,Pavement Maintenance,1,1
Pacific Highlands Ranch,Pothole,3,0
Pacific Highlands Ranch,ROW Maintenance,1,0
Pacific Highlands Ranch,Sidewalk Repair Issue,5,5
Pacific Highlands Ranch,Stormwater,8,0
Pacific Highlands Ranch,Stormwater Code Enforcement,11,3
Pacific Highlands Ranch,Street Flooded,5,0
Pacific Highlands Ranch,Street Light Maintenance,15,24
Pacific Highlands Ranch,Street Sweeping,7,0
Pacific Highlands Ranch,Traffic Engineering,4,3
Pacific Highlands Ranch,Traffic Sign Maintenance,1,11
Pacific Highlands Ranch,Traffic Signal Issue,24,0
Pacific Highlands Ranch,Traffic Signal Timing,3,1
Pacific Highlands Ranch,Trash/Recycling Collection,7,0
Pacific Highlands Ranch,Tree Maintenance,12,0
Pacific Highlands Ranch,Waste on Private Property,1,0
Pacific Highlands Ranch,Weed Cleanup,1,2
Peninsula,Dead Animal,153,0
Peninsula,Development Services - Code Enforcement,42,7
Peninsula,Encampment,714,125
Peninsula,Environmental Services Code Compliance,106,4
Peninsula,Graffiti,283,0
Peninsula,Graffiti - Code Enforcement,33,10
Peninsula,Graffiti - Public,53,32
Peninsula,Illegal Dumping,748,3
Peninsula,Missed Collection,1551,16
Peninsula,Other,193,14
Peninsula,Parking,1926,143
Peninsula,Parks Issue,76,3
Peninsula,Pavement Maintenance,35,78
Peninsula,Pothole,281,5
Peninsula,ROW Maintenance,31,73
Peninsula,Right-of-Way Code Enforcement,5,51
Peninsula,Shared Mobility Device,104,7
Peninsula,Sidewalk Repair Issue,122,66
Peninsula,Stormwater,37,10
Peninsula,Stormwater Code Enforcement,105,11
Peninsula,Street Flooded,38,3
Peninsula,Street Light Maintenance,154,216
Peninsula,Street Sweeping,44,9
Peninsula,Traffic Engineering,46,34
Peninsula,Traffic Sign Maintenance,45,104
Peninsula,Traffic Signal Issue,122,2
Peninsula,Traffic Signal Timing,71,1
Peninsula,Trash/Recycling Collection,52,2
Peninsula,Tree Maintenance,170,48
Peninsula,Waste on Private Property,44,3
Peninsula,Weed Cleanup,17,4
Rancho Bernardo,Dead Animal,22,0
Rancho Bernardo,Development Services - Code Enforcement,6,1
Rancho Bernardo,Encampment,33,3
Rancho Bernardo,Environmental Services Code Compliance,10,5
Rancho Bernardo,Graffiti,39,0
Rancho Bernardo,Graffiti - Code Enforcement,2,1
Rancho Bernardo,Graffiti - Public,5,7
Rancho Bernardo,Illegal Dumping,24,1
Rancho Bernardo,Missed Collection,516,12
Rancho Bernardo,Other,43,6
Rancho Bernardo,Parking,320,92
Rancho Bernardo,Parks Issue,11,2
Rancho Bernardo,Pavement Maintenance,17,57
Rancho Bernardo,Pothole,262,4
Rancho Bernardo,ROW Maintenance,14,28
Rancho Bernardo,Right-of-Way Code Enforcement,7,15
Rancho Bernardo,Sidewalk Repair Issue,27,50
Rancho Bernardo,Stormwater,22,7
Rancho Bernardo,Stormwater Code Enforcement,26,6
Rancho Bernardo,Street Flooded,22,0
Rancho Bernardo,Street Light Maintenance,65,112
Rancho Bernardo,Street Sweeping,18,4
Rancho Bernardo,Traffic Engineering,6,14
Rancho Bernardo,Traffic Sign Maintenance,25,44
Rancho Bernardo,Traffic Signal Issue,93,1
Rancho Bernardo,Traffic Signal Timing,78,4
Rancho Bernardo,Trash/Recycling Collection,17,1
Rancho Bernardo,Tree Maintenance,38,8
Rancho Bernardo,Waste on Private Property,3,1
Rancho Bernardo,Weed Cleanup,10,2
Rancho Encantada,Dead Animal,4,0
Rancho Encantada,Encampment,1,1
Rancho Encantada,Environmental Services Code Compliance,1,0
Rancho Encantada,Graffiti,1,0
Rancho Encantada,Graffiti - Public,1,1
Rancho Encantada,Illegal Dumping,4,0
Rancho Encantada,Missed Collection,52,1
Rancho Encantada,Other,5,0
Rancho Encantada,Parking,22,4
Rancho Encantada,Parks Issue,4,1
Rancho Encantada,Pavement Maintenance,2,0
Rancho Encantada,ROW Maintenance,0,1
Rancho Encantada,Sidewalk Repair Issue,1,11
Rancho Encantada,Stormwater,4,0
Rancho Encantada,Stormwater Code Enforcement,2,0
Rancho Encantada,Street Light Maintenance,11,0
Rancho Encantada,Street Sweeping,1,1
Rancho Encantada,Traffic Engineering,0,2
Rancho Encantada,Traffic Sign Maintenance,0,1
Rancho Encantada,Traffic Signal Issue,4,0
Rancho Encantada,Trash/Recycling Collection,6,1
Rancho Encantada,Tree Maintenance,3,0
Rancho Encantada,Weed Cleanup,3,2
Rancho Penasquitos,Dead Animal,34,0
Rancho Penasquitos,Development Services - Code Enforcement,15,7
Rancho Penasquitos,Encampment,167,20
Rancho Penasquitos,Environmental Services Code Compliance,26,4
Rancho Penasquitos,Graffiti,102,0
Rancho Penasquitos,Graffiti - Code Enforcement,8,0
Rancho Penasquitos,Graffiti - Public,2,4
Rancho Penasquitos,Illegal Dumping,78,11
Rancho Penasquitos,Missed Collection,642,48
Rancho Penasquitos,Other,58,3
Rancho Penasquitos,Parking,483,124
Rancho Penasquitos,Parks Issue,55,15
Rancho Penasquitos,Pavement Maintenance,13,31
Rancho Penasquitos,Pothole,198,3
Rancho Penasquitos,ROW Maintenance,16,29
Rancho Penasquitos,Right-of-Way Code Enforcement,7,23
Rancho Penasquitos,Shared Mobility Device,3,0
Rancho Penasquitos,Sidewalk Repair Issue,31,83
Rancho Penasquitos,Stormwater,19,8
Rancho Penasquitos,Stormwater Code Enforcement,46,13
Rancho Penasquitos,Street Flooded,52,0
Rancho Penasquitos,Street Light Maintenance,92,53
Rancho Penasquitos,Street Sweeping,25,7
Rancho Penasquitos,Traffic Engineering,15,7
Rancho Penasquitos,Traffic Sign Maintenance,22,47
Rancho Penasquitos,Traffic Signal Issue,46,3
Rancho Penasquitos,Traffic Signal Timing,78,3
Rancho Penasquitos,Trash/Recycling Collection,15,3
Rancho Penasquitos,Tree Maintenance,46,12
Rancho Penasquitos,Waste on Private Property,6,1
Rancho Penasquitos,Weed Cleanup,11,0
Reserve,Dead Animal,5,0
Reserve,Encampment,25,17
Reserve,Graffiti,54,0
Reserve,Graffiti - Code Enforcement,6,1
Reserve,Graffiti - Public,5,0
Reserve,Illegal Dumping,4,2
Reserve,Missed Collection,1,0
Reserve,Other,6,0
Reserve,Parking,16,10
Reserve,Parks Issue,12,0
Reserve,Pavement Maintenance,2,1
Reserve,Pothole,27,2
Reserve,ROW Maintenance,5,3
Reserve,Right-of-Way Code Enforcement,1,1
Reserve,Shared Mobility Device,2,2
Reserve,Sidewalk Repair Issue,2,0
Reserve,Stormwater,3,1
Reserve,Stormwater Code Enforcement,9,1
Reserve,Street Flooded,3,0
Reserve,Street Light Maintenance,1,1
Reserve,Street Sweeping,5,0
Reserve,Traffic Engineering,3,1
Reserve,Traffic Sign Maintenance,16,13
Reserve,Traffic Signal Issue,92,0
Reserve,Traffic Signal Timing,61,0
Reserve,Trash/Recycling Collection,0,1
Reserve,Tree Maintenance,10,0
Reserve,Weed Cleanup,2,1
Sabre Springs,Dead Animal,13,0
Sabre Springs,Development Services - Code Enforcement,3,0
Sabre Springs,Encampment,109,9
Sabre Springs,Environmental Services Code Compliance,0,1
Sabre Springs,Graffiti,25,0
Sabre Springs,Graffiti - Code Enforcement,1,0
Sabre Springs,Graffiti - Public,0,2
Sabre Springs,Illegal Dumping,8,0
Sabre Springs,Missed Collection,161,1
Sabre Springs,Other,10,1
Sabre Springs,Parking,114,28
Sabre Springs,Parks Issue,8,2
Sabre Springs,Pothole,5,0
Sabre Springs,ROW Maintenance,2,1
Sabre Springs,Right-of-Way Code Enforcement,0,5
Sabre Springs,Sidewalk Repair Issue,9,16
Sabre Springs,Stormwater,3,3
Sabre Springs,Stormwater Code Enforcement,10,4
Sabre Springs,Street Flooded,2,0
Sabre Springs,Street Light Maintenance,6,26
Sabre Springs,Street Sweeping,7,0
Sabre Springs,Traffic Engineering,2,1
Sabre Springs,Traffic Sign Maintenance,6,0
Sabre Springs,Traffic Signal Issue,19,0
Sabre Springs,Traffic Signal Timing,13,0
Sabre Springs,Trash/Recycling Collection,2,0
Sabre Springs,Tree Maintenance,6,0
Sabre Springs,Waste on Private Property,2,1
Sabre Springs,Weed Cleanup,1,0
San Pasqual,Dead Animal,2,0
San Pasqual,Encampment,2,0
San Pasqual,Graffiti,10,0
San Pasqual,Graffiti - Code Enforcement,1,0
San Pasqual,Illegal Dumping,20,3
San Pasqual,Other,1,0
San Pasqual,Parking,1,0
San Pasqual,Parks Issue,1,0
San Pasqual,Pavement Maintenance,1,3
San Pasqual,Pothole,18,1
San Pasqual,Stormwater,0,1
San Pasqual,Stormwater Code Enforcement,1,0
San Pasqual,Traffic Sign Maintenance,3,1
San Pasqual,Traffic Signal Issue,1,0
San Pasqual,Traffic Signal Timing,4,0
San Pasqual,Tree Maintenance,2,0
San Pasqual,Waste on Private Property,7,0
San Ysidro,Dead Animal,43,0
San Ysidro,Development Services - Code Enforcement,24,1
San Ysidro,Encampment,197,14
San Ysidro,Environmental Services Code Compliance,28,3
San Ysidro,Graffiti,120,0
San Ysidro,Graffiti - Code Enforcement,22,6
San Ysidro,Graffiti - Public,39,11
San Ysidro,Illegal Dumping,362,10
San Ysidro,Missed Collection,172,2
San Ysidro,Other,53,2
San Ysidro,Parking,716,68
San Ysidro,Parks Issue,14,5
San Ysidro,Pavement Maintenance,1,5
San Ysidro,Pothole,55,0
San Ysidro,ROW Maintenance,15,24
San Ysidro,Right-of-Way Code Enforcement,14,26
San Ysidro,Sidewalk Repair Issue,28,9
San Ysidro,Stormwater,11,8
San Ysidro,Stormwater Code Enforcement,17,3
San Ysidro,Street Flooded,9,0
San Ysidro,Street Light Maintenance,10,32
San Ysidro,Street Sweeping,27,1
San Ysidro,Traffic Engineering,13,7
San Ysidro,Traffic Sign Maintenance,9,8
San Ysidro,Traffic Signal Issue,46,0
San Ysidro,Traffic Signal Timing,16,0
San Ysidro,Trash/Recycling Collection,6,0
San Ysidro,Tree Maintenance,33,10
San Ysidro,Waste on Private Property,26,3
San Ysidro,Weed Cleanup,23,0
Scripps Miramar Ranch,Dead Animal,22,0
Scripps Miramar Ranch,Development Services - Code Enforcement,5,0
Scripps Miramar Ranch,Encampment,9,8
Scripps Miramar Ranch,Environmental Services Code Compliance,19,1
Scripps Miramar Ranch,Graffiti,21,0
Scripps Miramar Ranch,Graffiti - Code Enforcement,4,0
Scripps Miramar Ranch,Graffiti - Public,0,1
Scripps Miramar Ranch,Illegal Dumping,20,1
Scripps Miramar Ranch,Missed Collection,365,9
Scripps Miramar Ranch,Other,29,0
Scripps Miramar Ranch,Parking,166,53
Scripps Miramar Ranch,Parks Issue,34,4
Scripps Miramar Ranch,Pavement Maintenance,2,17
Scripps Miramar Ranch,Pothole,90,1
Scripps Miramar Ranch,ROW Maintenance,6,7
Scripps Miramar Ranch,Right-of-Way Code Enforcement,0,3
Scripps Miramar Ranch,Sidewalk Repair Issue,21,49
Scripps Miramar Ranch,Stormwater,20,6
Scripps Miramar Ranch,Stormwater Code Enforcement,19,2
Scripps Miramar Ranch,Street Flooded,12,1
Scripps Miramar Ranch,Street Light Maintenance,52,92
Scripps Miramar Ranch,Street Sweeping,10,3
Scripps Miramar Ranch,Traffic Engineering,7,0
Scripps Miramar Ranch,Traffic Sign Maintenance,14,30
Scripps Miramar Ranch,Traffic Signal Issue,69,0
Scripps Miramar Ranch,Traffic Signal Timing,40,2
Scripps Miramar Ranch,Trash/Recycling Collection,6,3
Scripps Miramar Ranch,Tree Maintenance,54,7
Scripps Miramar Ranch,Waste on Private Property,5,1
Scripps Miramar Ranch,Weed Cleanup,2,0
Serra Mesa,Dead Animal,29,0
Serra Mesa,Development Services - Code Enforcement,18,6
Serra Mesa,Encampment,131,29
Serra Mesa,Environmental Services Code Compliance,35,1
Serra Mesa,Graffiti,61,0
Serra Mesa,Graffiti - Code Enforcement,9,2
Serra Mesa,Graffiti - Public,4,4
Serra Mesa,Illegal Dumping,309,4
Serra Mesa,Missed Collection,473,16
Serra Mesa,Other,79,1
Serra Mesa,Parking,741,179
Serra Mesa,Parks Issue,20,0
Serra Mesa,Pavement Maintenance,6,15
Serra Mesa,Pothole,90,0
Serra Mesa,ROW Maintenance,11,14
Serra Mesa,Right-of-Way Code Enforcement,6,10
Serra Mesa,Shared Mobility Device,1,0
Serra Mesa,Sidewalk Repair Issue,18,66
Serra Mesa,Stormwater,7,7
Serra Mesa,Stormwater Code Enforcement,28,6
Serra Mesa,Street Flooded,7,1
Serra Mesa,Street Light Maintenance,62,14
Serra Mesa,Street Sweeping,11,2
Serra Mesa,Traffic Engineering,20,10
Serra Mesa,Traffic Sign Maintenance,17,33
Serra Mesa,Traffic Signal Issue,26,3
Serra Mesa,Traffic Signal Timing,25,0
Serra Mesa,Trash/Recycling Collection,10,5
Serra Mesa,Tree Maintenance,60,14
Serra Mesa,Waste on Private Property,8,2
Serra Mesa,Weed Cleanup,7,4
Skyline-Paradise Hills,Dead Animal,127,0
Skyline-Paradise Hills,Development Services - Code Enforcement,34,10
Skyline-Paradise Hills,Encampment,266,23
Skyline-Paradise Hills,Environmental Services Code Compliance,72,6
Skyline-Paradise Hills,Graffiti,358,0
Skyline-Paradise Hills,Graffiti - Code Enforcement,50,8
Skyline-Paradise Hills,Graffiti - Public,24,21
Skyline-Paradise Hills,Illegal Dumping,823,11
Skyline-Paradise Hills,Missed Collection,1203,64
Skyline-Paradise Hills,Other,160,12
Skyline-Paradise Hills,Oversized Vehicle,1,0
Skyline-Paradise Hills,Parking,1204,402
Skyline-Paradise Hills,Parks Issue,36,6
Skyline-Paradise Hills,Pavement Maintenance,9,40
Skyline-Paradise Hills,Pothole,320,2
Skyline-Paradise Hills,ROW Maintenance,18,51
Skyline-Paradise Hills,Right-of-Way Code Enforcement,19,66
Skyline-Paradise Hills,Sidewalk Repair Issue,80,49
Skyline-Paradise Hills,Stormwater,24,23
Skyline-Paradise Hills,Stormwater Code Enforcement,26,16
Skyline-Paradise Hills,Street Flooded,6,1
Skyline-Paradise Hills,Street Light Maintenance,75,84
Skyline-Paradise Hills,Street Sweeping,34,4
Skyline-Paradise Hills,Traffic Engineering,25,17
Skyline-Paradise Hills,Traffic Sign Maintenance,22,64
Skyline-Paradise Hills,Traffic Signal Issue,65,0
Skyline-Paradise Hills,Traffic Signal Timing,21,0
Skyline-Paradise Hills,Trash/Recycling Collection,39,8
Skyline-Paradise Hills,Tree Maintenance,112,31
Skyline-Paradise Hills,Waste on Private Property,55,3
Skyline-Paradise Hills,Weed Cleanup,52,8
Southeastern San Diego,Dead Animal,172,2
Southeastern San Diego,Development Services - Code Enforcement,72,10
Southeastern San Diego,Encampment,1481,175
Southeastern San Diego,Environmental Services Code Compliance,195,47
Southeastern San Diego,Graffiti,1190,0
Southeastern San Diego,Graffiti - Code Enforcement,193,47
Southeastern San Diego,Graffiti - Public,446,206
Southeastern San Diego,Illegal Dumping,5350,228
Southeastern San Diego,Missed Collection,1118,51
Southeastern San Diego,Other,293,16
Southeastern San Diego,Parking,2780,614
Southeastern San Diego,Parks Issue,21,24
Southeastern San Diego,Pavement Maintenance,39,127
Southeastern San Diego,Pothole,213,6
Southeastern San Diego,ROW Maintenance,68,91
Southeastern San Diego,Right-of-Way Code Enforcement,16,83
Southeastern San Diego,Shared Mobility Device,15,1
Southeastern San Diego,Sidewalk Repair Issue,117,74
Southeastern San Diego,Stormwater,34,24
Southeastern San Diego,Stormwater Code Enforcement,58,11
Southeastern San Diego,Street Flooded,21,0
Southeastern San Diego,Street Light Maintenance,189,134
Southeastern San Diego,Street Sweeping,107,12
Southeastern San Diego,Traffic Engineering,40,34
Southeastern San Diego,Traffic Sign Maintenance,52,154
Southeastern San Diego,Traffic Signal Issue,153,2
Southeastern San Diego,Traffic Signal Timing,65,0
Southeastern San Diego,Trash/Recycling Collection,77,14
Southeastern San Diego,Tree Maintenance,205,60
Southeastern San Diego,Waste on Private Property,105,12
Southeastern San Diego,Weed Cleanup,72,7
Tierrasanta,Dead Animal,16,0
Tierrasanta,Development Services - Code Enforcement,6,1
Tierrasanta,Encampment,191,15
Tierrasanta,Environmental Services Code Compliance,16,8
Tierrasanta,Graffiti,48,0
Tierrasanta,Graffiti - Code Enforcement,9,1
Tierrasanta,Graffiti - Public,5,4
Tierrasanta,Illegal Dumping,25,1
Tierrasanta,Missed Collection,126,2
Tierrasanta,Other,66,2
Tierrasanta,Parking,325,100
Tierrasanta,Parks Issue,35,9
Tierrasanta,Pavement Maintenance,1,15
Tierrasanta,Pothole,111,2
Tierrasanta,ROW Maintenance,2,10
Tierrasanta,Right-of-Way Code Enforcement,4,7
Tierrasanta,Sidewalk Repair Issue,17,87
Tierrasanta,Stormwater,17,6
Tierrasanta,Stormwater Code Enforcement,60,19
Tierrasanta,Street Flooded,28,0
Tierrasanta,Street Light Maintenance,83,69
Tierrasanta,Street Sweeping,14,3
Tierrasanta,Traffic Engineering,7,4
Tierrasanta,Traffic Sign Maintenance,8,20
Tierrasanta,Traffic Signal Issue,33,0
Tierrasanta,Traffic Signal Timing,48,2
Tierrasanta,Trash/Recycling Collection,7,1
Tierrasanta,Tree Maintenance,37,15
Tierrasanta,Waste on Private Property,3,1
Tierrasanta,Weed Cleanup,2,1
Tijuana River Valley,Dead Animal,3,0
Tijuana River Valley,Encampment,14,1
Tijuana River Valley,Environmental Services Code Compliance,4,2
Tijuana River Valley,Graffiti,3,0
Tijuana River Valley,Illegal Dumping,18,0
Tijuana River Valley,Missed Collection,1,0
Tijuana River Valley,Other,1,0
Tijuana River Valley,Parking,6,0
Tijuana River Valley,Parks Issue,1,0
Tijuana River Valley,Pavement Maintenance,1,0
Tijuana River Valley,Pothole,7,0
Tijuana River Valley,ROW Maintenance,2,5
Tijuana River Valley,Sidewalk Repair Issue,1,0
Tijuana River Valley,Stormwater Code Enforcement,4,0
Tijuana River Valley,Street Light Maintenance,0,1
Tijuana River Valley,Street Sweeping,1,0
Tijuana River Valley,Traffic Sign Maintenance,1,1
Tijuana River Valley,Trash/Recycling Collection,1,0
Tijuana River Valley,Tree Maintenance,7,3
Tijuana River Valley,Weed Cleanup,2,0
Torrey Highlands,Dead Animal,2,0
Torrey Highlands,Development Services - Code Enforcement,1,0
Torrey Highlands,Encampment,1,2
Torrey Highlands,Environmental Services Code Compliance,4,1
Torrey Highlands,Graffiti,27,0
Torrey Highlands,Graffiti - Code Enforcement,13,0
Torrey Highlands,Graffiti - Public,1,3
Torrey Highlands,Illegal Dumping,3,1
Torrey Highlands,Missed Collection,79,5
Torrey Highlands,Other,11,0
Torrey Highlands,Parking,40,21
Torrey Highlands,Parks Issue,8,7
Torrey Highlands,Pavement Maintenance,4,3
Torrey Highlands,Pothole,14,2
Torrey Highlands,ROW Maintenance,3,3
Torrey Highlands,Right-of-Way Code Enforcement,0,1
Torrey Highlands,Sidewalk Repair Issue,4,28
Torrey Highlands,Stormwater,3,1
Torrey Highlands,Stormwater Code Enforcement,15,2
Torrey Highlands,Street Flooded,4,0
Torrey Highlands,Street Light Maintenance,2,15
Torrey Highlands,Street Sweeping,3,2
Torrey Highlands,Traffic Engineering,3,5
Torrey Highlands,Traffic Sign Maintenance,3,6
Torrey Highlands,Traffic Signal Issue,24,0
Torrey Highlands,Traffic Signal Timing,8,0
Torrey Highlands,Trash/Recycling Collection,1,0
Torrey Highlands,Tree Maintenance,11,6
Torrey Hills,Dead Animal,4,0
Torrey Hills,Development Services - Code Enforcement,1,0
Torrey Hills,Encampment,5,2
Torrey Hills,Graffiti,11,0
Torrey Hills,Graffiti - Code Enforcement,1,0
Torrey Hills,Graffiti - Public,6,0
Torrey Hills,Illegal Dumping,0,5
Torrey Hills,Missed Collection,43,0
Torrey Hills,Other,13,1
Torrey Hills,Parking,42,19
Torrey Hills,Parks Issue,9,2
Torrey Hills,Pavement Maintenance,1,2
Torrey Hills,Pothole,8,0
Torrey Hills,ROW Maintenance,1,2
Torrey Hills,Right-of-Way Code Enforcement,0,2
Torrey Hills,Sidewalk Repair Issue,3,13
Torrey Hills,Stormwater,3,0
Torrey Hills,Stormwater Code Enforcement,4,2
Torrey Hills,Street Flooded,5,0
Torrey Hills,Street Light Maintenance,1,20
Torrey Hills,Street Sweeping,6,1
Torrey Hills,Traffic Engineering,0,3
Torrey Hills,Traffic Sign Maintenance,2,8
Torrey Hills,Traffic Signal Issue,24,0
Torrey Hills,Traffic Signal Timing,14,0
Torrey Hills,Trash/Recycling Collection,2,1
Torrey Hills,Tree Maintenance,10,2
Torrey Hills,Weed Cleanup,1,0
Torrey Pines,Dead Animal,14,0
Torrey Pines,Development Services - Code Enforcement,8,0
Torrey Pines,Encampment,27,6
Torrey Pines,Environmental Services Code Compliance,9,0
Torrey Pines,Graffiti,28,0
Torrey Pines,Graffiti - Code Enforcement,4,1
Torrey Pines,Graffiti - Public,2,4
Torrey Pines,Illegal Dumping,13,2
Torrey Pines,Missed Collection,121,0
Torrey Pines,Other,16,0
Torrey Pines,Parking,94,32
Torrey Pines,Parks Issue,5,3
Torrey Pines,Pavement Maintenance,4,21
Torrey Pines,Pothole,180,0
Torrey Pines,ROW Maintenance,16,17
Torrey Pines,Right-of-Way Code Enforcement,3,4
Torrey Pines,Sidewalk Repair Issue,14,20
Torrey Pines,Stormwater,10,2
Torrey Pines,Stormwater Code Enforcement,23,7
Torrey Pines,Street Flooded,17,0
Torrey Pines,Street Light Maintenance,38,49
Torrey Pines,Street Sweeping,18,1
Torrey Pines,Traffic Engineering,5,4
Torrey Pines,Traffic Sign Maintenance,10,14
Torrey Pines,Traffic Signal Issue,38,1
Torrey Pines,Traffic Signal Timing,25,0
Torrey Pines,Trash/Recycling Collection,2,2
Torrey Pines,Tree Maintenance,21,3
Torrey Pines,Weed Cleanup,10,7
University,Dead Animal,68,0
University,Development Services - Code Enforcement,12,4
University,Encampment,541,39
University,Environmental Services Code Compliance,16,2
University,Graffiti,195,0
University,Graffiti - Code Enforcement,69,1
University,Graffiti - Public,20,14
University,Illegal Dumping,176,14
University,Missed Collection,249,6
University,Other,109,3
University,Parking,546,59
University,Parks Issue,68,21
University,Pavement Maintenance,9,33
University,Pothole,363,2
University,ROW Maintenance,36,30
University,Right-of-Way Code Enforcement,17,23
University,Shared Mobility Device,27,0
University,Sidewalk Repair Issue,53,50
University,Stormwater,25,3
University,Stormwater Code Enforcement,67,7
University,Street Flooded,17,0
University,Street Light Maintenance,57,48
University,Street Sweeping,49,7
University,Traffic Engineering,36,15
University,Traffic Sign Maintenance,71,72
University,Traffic Signal Issue,207,0
University,Traffic Signal Timing,160,6
University,Trash/Recycling Collection,19,2
University,Tree Maintenance,84,8
University,Waste on Private Property,16,0
University,Weed Cleanup,53,10
Uptown,Dead Animal,117,0
Uptown,Development Services - Code Enforcement,61,14
Uptown,Encampment,2252,456
Uptown,Environmental Services Code Compliance,414,68
Uptown,Graffiti,1147,0
Uptown,Graffiti - Code Enforcement,195,93
Uptown,Graffiti - Public,216,253
Uptown,Illegal Dumping,940,111
Uptown,Missed Collection,1401,30
Uptown,Other,338,11
Uptown,Parking,2196,374
Uptown,Parks Issue,59,11
Uptown,Pavement Maintenance,46,110
Uptown,Pothole,597,9
Uptown,ROW Maintenance,97,151
Uptown,Right-of-Way Code Enforcement,3,74
Uptown,Shared Mobility Device,199,60
Uptown,Sidewalk Repair Issue,197,115
Uptown,Stormwater,45,28
Uptown,Stormwater Code Enforcement,197,32
Uptown,Street Flooded,82,5
Uptown,Street Light Maintenance,90,157
Uptown,Street Sweeping,98,19
Uptown,Traffic Engineering,57,58
Uptown,Traffic Sign Maintenance,94,212
Uptown,Traffic Signal Issue,193,1
Uptown,Traffic Signal Timing,82,3
Uptown,Trash/Recycling Collection,61,3
Uptown,Tree Maintenance,271,83
Uptown,Waste on Private Property,102,12
Uptown,Weed Cleanup,36,8
Via De La Valle,Encampment,1,2
Via De La Valle,Parking,1,0
Via De La Valle,Pavement Maintenance,0,1
Via De La Valle,Pothole,9,1
Via De La Valle,Stormwater Code Enforcement,3,0
Via De La Valle,Street Light Maintenance,1,0
